unique_id,source,company,scrip_code,headline,published_date,url,event_type,priority,raw_text,collected_at
bc35a3f442b51fcb,BSE,Welspun Enterprises Ltd,532553,"Welspun Enterprisers has informed the exchange about receiving of Letter of Award by Welspun Michigan Engineers Limited, Material Subsidiary of the Company",20-Sep-2026 10:37:50,https://www.bseindia.com/xml-data/corpfiling/AttachLive/9fb3dab1-3a38-4a20-845b-45514f633f92.pdf,Large Order,HIGH,"Welspun Enterprisers has informed the exchange about receiving of Letter of Award by Welspun Michigan Engineers Limited, Material Subsidiary of the Company",2026-09-20T08:44:54.066527+00:00
ad519baa593eeebc,BSE,SBI - Magnum Insta Cash Fund Liquid Floater Plan - Growth (9003707),,SBI - Magnum Insta Cash Fund Liquid Floater Plan - Growth (9003707),20-Sep-2026 12:56:42,https://www.bseindia.com/xml-data/corpfiling/AttachLive/747dec2c-e682-4cfe-ab20-e9c8e979fa93.pdf,Large Order,HIGH,SBIMF Fortnightly Portfolio 15092026,2026-09-20T08:44:54.060303+00:00
38a0a2f5d1d30e18,BSE,SBI Floating Rate DEBT Fund Regular Plan Growth (9003836),,SBI Floating Rate DEBT Fund Regular Plan Growth (9003836),20-Sep-2026 12:56:44,https://www.bseindia.com/xml-data/corpfiling/AttachLive/747dec2c-e682-4cfe-ab20-e9c8e979fa93.pdf,Large Order,HIGH,SBIMF Fortnightly Portfolio 15092026,2026-09-20T08:44:54.057949+00:00
25e38b46bc79c2eb,BSE,SBI Floating Rate DEBT Fund Direct Plan Growth (9004136),,SBI Floating Rate DEBT Fund Direct Plan Growth (9004136),20-Sep-2026 12:56:47,https://www.bseindia.com/xml-data/corpfiling/AttachLive/747dec2c-e682-4cfe-ab20-e9c8e979fa93.pdf,Large Order,HIGH,SBIMF Fortnightly Portfolio 15092026,2026-09-20T08:44:54.052453+00:00
32349dccbd900d94,BSE,Aditya Birla Housing Finance Ltd,974978,Intimation for Appointment of Additional Non-Executive Non - Independent Directors and Additional Non-Executive Independent Director of the Company.,20-Sep-2026 13:10:53,https://www.bseindia.com/xml-data/corpfiling/AttachLive/4a1e0218-db47-41f4-982c-dacd4cd7c382.pdf,Management Change,MEDIUM,Intimation for Appointment of Additional Non-Executive Non - Independent Directors and Additional Non-Executive Independent Director of the Company.,2026-09-20T08:44:54.049105+00:00
cea43965a2401440,BSE,Aditya Birla Housing Finance Ltd,974977,Intimation for Appointment of Additional Non-Executive Non - Independent Directors and Additional Non-Executive Independent Director of the Company.,20-Sep-2026 13:10:53,https://www.bseindia.com/xml-data/corpfiling/AttachLive/4a1e0218-db47-41f4-982c-dacd4cd7c382.pdf,Management Change,MEDIUM,Intimation for Appointment of Additional Non-Executive Non - Independent Directors and Additional Non-Executive Independent Director of the Company.,2026-09-20T08:44:54.049130+00:00
f35deca02bde67a4,BSE,Aditya Birla Housing Finance Ltd,974794,Intimation for Appointment of Additional Non-Executive Non - Independent Directors and Additional Non-Executive Independent Director of the Company.,20-Sep-2026 13:10:53,https://www.bseindia.com/xml-data/corpfiling/AttachLive/4a1e0218-db47-41f4-982c-dacd4cd7c382.pdf,Management Change,MEDIUM,Intimation for Appointment of Additional Non-Executive Non - Independent Directors and Additional Non-Executive Independent Director of the Company.,2026-09-20T08:44:54.049155+00:00
4f79d80703a3a530,BSE,Aditya Birla Housing Finance Ltd,974316,Intimation for Appointment of Additional Non-Executive Non - Independent Directors and Additional Non-Executive Independent Director of the Company.,20-Sep-2026 13:10:53,https://www.bseindia.com/xml-data/corpfiling/AttachLive/4a1e0218-db47-41f4-982c-dacd4cd7c382.pdf,Management Change,MEDIUM,Intimation for Appointment of Additional Non-Executive Non - Independent Directors and Additional Non-Executive Independent Director of the Company.,2026-09-20T08:44:54.049179+00:00
06c66c7228ba0b42,BSE,Aditya Birla Housing Finance Ltd,973736,Intimation for Appointment of Additional Non-Executive Non - Independent Directors and Additional Non-Executive Independent Director of the Company.,20-Sep-2026 13:10:53,https://www.bseindia.com/xml-data/corpfiling/AttachLive/4a1e0218-db47-41f4-982c-dacd4cd7c382.pdf,Management Change,MEDIUM,Intimation for Appointment of Additional Non-Executive Non - Independent Directors and Additional Non-Executive Independent Director of the Company.,2026-09-20T08:44:54.049204+00:00
4fafd38c16599284,BSE,Aditya Birla Housing Finance Ltd,960416,Intimation for Appointment of Additional Non-Executive Non - Independent Directors and Additional Non-Executive Independent Director of the Company.,20-Sep-2026 13:10:53,https://www.bseindia.com/xml-data/corpfiling/AttachLive/4a1e0218-db47-41f4-982c-dacd4cd7c382.pdf,Management Change,MEDIUM,Intimation for Appointment of Additional Non-Executive Non - Independent Directors and Additional Non-Executive Independent Director of the Company.,2026-09-20T08:44:54.049228+00:00
a233d1752c0dbea2,BSE,Aditya Birla Housing Finance Ltd,958811,Intimation for Appointment of Additional Non-Executive Non - Independent Directors and Additional Non-Executive Independent Director of the Company.,20-Sep-2026 13:10:53,https://www.bseindia.com/xml-data/corpfiling/AttachLive/4a1e0218-db47-41f4-982c-dacd4cd7c382.pdf,Management Change,MEDIUM,Intimation for Appointment of Additional Non-Executive Non - Independent Directors and Additional Non-Executive Independent Director of the Company.,2026-09-20T08:44:54.049252+00:00
38c3afb333cd5e5a,BSE,Aditya Birla Housing Finance Ltd,957446,Intimation for Appointment of Additional Non-Executive Non - Independent Directors and Additional Non-Executive Independent Director of the Company.,20-Sep-2026 13:10:53,https://www.bseindia.com/xml-data/corpfiling/AttachLive/4a1e0218-db47-41f4-982c-dacd4cd7c382.pdf,Management Change,MEDIUM,Intimation for Appointment of Additional Non-Executive Non - Independent Directors and Additional Non-Executive Independent Director of the Company.,2026-09-20T08:44:54.049277+00:00
5418a14827646eb0,BSE,Aditya Birla Housing Finance Ltd,957445,Intimation for Appointment of Additional Non-Executive Non - Independent Directors and Additional Non-Executive Independent Director of the Company.,20-Sep-2026 13:10:53,https://www.bseindia.com/xml-data/corpfiling/AttachLive/4a1e0218-db47-41f4-982c-dacd4cd7c382.pdf,Management Change,MEDIUM,Intimation for Appointment of Additional Non-Executive Non - Independent Directors and Additional Non-Executive Independent Director of the Company.,2026-09-20T08:44:54.049301+00:00
1690e08d6aa20171,BSE,Aditya Birla Housing Finance Ltd,957444,Intimation for Appointment of Additional Non-Executive Non - Independent Directors and Additional Non-Executive Independent Director of the Company.,20-Sep-2026 13:10:53,https://www.bseindia.com/xml-data/corpfiling/AttachLive/4a1e0218-db47-41f4-982c-dacd4cd7c382.pdf,Management Change,MEDIUM,Intimation for Appointment of Additional Non-Executive Non - Independent Directors and Additional Non-Executive Independent Director of the Company.,2026-09-20T08:44:54.049326+00:00
1aac3630f6473338,BSE,Aditya Birla Housing Finance Ltd,957443,Intimation for Appointment of Additional Non-Executive Non - Independent Directors and Additional Non-Executive Independent Director of the Company.,20-Sep-2026 13:10:53,https://www.bseindia.com/xml-data/corpfiling/AttachLive/4a1e0218-db47-41f4-982c-dacd4cd7c382.pdf,Management Change,MEDIUM,Intimation for Appointment of Additional Non-Executive Non - Independent Directors and Additional Non-Executive Independent Director of the Company.,2026-09-20T08:44:54.049351+00:00
882227bcb11ec39b,BSE,Aditya Birla Housing Finance Ltd,957442,Intimation for Appointment of Additional Non-Executive Non - Independent Directors and Additional Non-Executive Independent Director of the Company.,20-Sep-2026 13:10:53,https://www.bseindia.com/xml-data/corpfiling/AttachLive/4a1e0218-db47-41f4-982c-dacd4cd7c382.pdf,Management Change,MEDIUM,Intimation for Appointment of Additional Non-Executive Non - Independent Directors and Additional Non-Executive Independent Director of the Company.,2026-09-20T08:44:54.049375+00:00
8eb8721f79b22d03,BSE,Aditya Birla Housing Finance Ltd,957441,Intimation for Appointment of Additional Non-Executive Non - Independent Directors and Additional Non-Executive Independent Director of the Company.,20-Sep-2026 13:10:53,https://www.bseindia.com/xml-data/corpfiling/AttachLive/4a1e0218-db47-41f4-982c-dacd4cd7c382.pdf,Management Change,MEDIUM,Intimation for Appointment of Additional Non-Executive Non - Independent Directors and Additional Non-Executive Independent Director of the Company.,2026-09-20T08:44:54.049400+00:00
a9d0922911315ffc,BSE,Aditya Birla Housing Finance Ltd,732484,Intimation for Appointment of Additional Non-Executive Non - Independent Directors and Additional Non-Executive Independent Director of the Company.,20-Sep-2026 13:10:53,https://www.bseindia.com/xml-data/corpfiling/AttachLive/4a1e0218-db47-41f4-982c-dacd4cd7c382.pdf,Management Change,MEDIUM,Intimation for Appointment of Additional Non-Executive Non - Independent Directors and Additional Non-Executive Independent Director of the Company.,2026-09-20T08:44:54.049424+00:00
ad7ee831113c277b,BSE,Aditya Birla Housing Finance Ltd,732386,Intimation for Appointment of Additional Non-Executive Non - Independent Directors and Additional Non-Executive Independent Director of the Company.,20-Sep-2026 13:10:53,https://www.bseindia.com/xml-data/corpfiling/AttachLive/4a1e0218-db47-41f4-982c-dacd4cd7c382.pdf,Management Change,MEDIUM,Intimation for Appointment of Additional Non-Executive Non - Independent Directors and Additional Non-Executive Independent Director of the Company.,2026-09-20T08:44:54.049448+00:00
2c39160956c3795c,BSE,Aditya Birla Housing Finance Ltd,732258,Intimation for Appointment of Additional Non-Executive Non - Independent Directors and Additional Non-Executive Independent Director of the Company.,20-Sep-2026 13:10:53,https://www.bseindia.com/xml-data/corpfiling/AttachLive/4a1e0218-db47-41f4-982c-dacd4cd7c382.pdf,Management Change,MEDIUM,Intimation for Appointment of Additional Non-Executive Non - Independent Directors and Additional Non-Executive Independent Director of the Company.,2026-09-20T08:44:54.049473+00:00
94718d110a3dc3d1,BSE,Aditya Birla Housing Finance Ltd,732242,Intimation for Appointment of Additional Non-Executive Non - Independent Directors and Additional Non-Executive Independent Director of the Company.,20-Sep-2026 13:10:53,https://www.bseindia.com/xml-data/corpfiling/AttachLive/4a1e0218-db47-41f4-982c-dacd4cd7c382.pdf,Management Change,MEDIUM,Intimation for Appointment of Additional Non-Executive Non - Independent Directors and Additional Non-Executive Independent Director of the Company.,2026-09-20T08:44:54.049501+00:00
40a5506838491702,BSE,Aditya Birla Housing Finance Ltd,732211,Intimation for Appointment of Additional Non-Executive Non - Independent Directors and Additional Non-Executive Independent Director of the Company.,20-Sep-2026 13:10:53,https://www.bseindia.com/xml-data/corpfiling/AttachLive/4a1e0218-db47-41f4-982c-dacd4cd7c382.pdf,Management Change,MEDIUM,Intimation for Appointment of Additional Non-Executive Non - Independent Directors and Additional Non-Executive Independent Director of the Company.,2026-09-20T08:44:54.049525+00:00
8e610e37b071b0f0,BSE,Aditya Birla Housing Finance Ltd,732182,Intimation for Appointment of Additional Non-Executive Non - Independent Directors and Additional Non-Executive Independent Director of the Company.,20-Sep-2026 13:10:53,https://www.bseindia.com/xml-data/corpfiling/AttachLive/4a1e0218-db47-41f4-982c-dacd4cd7c382.pdf,Management Change,MEDIUM,Intimation for Appointment of Additional Non-Executive Non - Independent Directors and Additional Non-Executive Independent Director of the Company.,2026-09-20T08:44:54.049550+00:00
f9d12ce96d846187,BSE,Aditya Birla Housing Finance Ltd,732180,Intimation for Appointment of Additional Non-Executive Non - Independent Directors and Additional Non-Executive Independent Director of the Company.,20-Sep-2026 13:10:53,https://www.bseindia.com/xml-data/corpfiling/AttachLive/4a1e0218-db47-41f4-982c-dacd4cd7c382.pdf,Management Change,MEDIUM,Intimation for Appointment of Additional Non-Executive Non - Independent Directors and Additional Non-Executive Independent Director of the Company.,2026-09-20T08:44:54.049575+00:00
cbcc4b7bf3713f2c,BSE,Aditya Birla Housing Finance Ltd,732148,Intimation for Appointment of Additional Non-Executive Non - Independent Directors and Additional Non-Executive Independent Director of the Company.,20-Sep-2026 13:10:53,https://www.bseindia.com/xml-data/corpfiling/AttachLive/4a1e0218-db47-41f4-982c-dacd4cd7c382.pdf,Management Change,MEDIUM,Intimation for Appointment of Additional Non-Executive Non - Independent Directors and Additional Non-Executive Independent Director of the Company.,2026-09-20T08:44:54.049599+00:00
e99234980aef5b2d,BSE,Aditya Birla Housing Finance Ltd,732128,Intimation for Appointment of Additional Non-Executive Non - Independent Directors and Additional Non-Executive Independent Director of the Company.,20-Sep-2026 13:10:53,https://www.bseindia.com/xml-data/corpfiling/AttachLive/4a1e0218-db47-41f4-982c-dacd4cd7c382.pdf,Management Change,MEDIUM,Intimation for Appointment of Additional Non-Executive Non - Independent Directors and Additional Non-Executive Independent Director of the Company.,2026-09-20T08:44:54.049624+00:00
d4b0d79d8b6f545c,BSE,Aditya Birla Housing Finance Ltd,731973,Intimation for Appointment of Additional Non-Executive Non - Independent Directors and Additional Non-Executive Independent Director of the Company.,20-Sep-2026 13:10:53,https://www.bseindia.com/xml-data/corpfiling/AttachLive/4a1e0218-db47-41f4-982c-dacd4cd7c382.pdf,Management Change,MEDIUM,Intimation for Appointment of Additional Non-Executive Non - Independent Directors and Additional Non-Executive Independent Director of the Company.,2026-09-20T08:44:54.049648+00:00
619b16a3ea45d155,BSE,Aditya Birla Housing Finance Ltd,731897,Intimation for Appointment of Additional Non-Executive Non - Independent Directors and Additional Non-Executive Independent Director of the Company.,20-Sep-2026 13:10:53,https://www.bseindia.com/xml-data/corpfiling/AttachLive/4a1e0218-db47-41f4-982c-dacd4cd7c382.pdf,Management Change,MEDIUM,Intimation for Appointment of Additional Non-Executive Non - Independent Directors and Additional Non-Executive Independent Director of the Company.,2026-09-20T08:44:54.049679+00:00
c1d10f63aaa0344c,BSE,Aditya Birla Housing Finance Ltd,731850,Intimation for Appointment of Additional Non-Executive Non - Independent Directors and Additional Non-Executive Independent Director of the Company.,20-Sep-2026 13:10:53,https://www.bseindia.com/xml-data/corpfiling/AttachLive/4a1e0218-db47-41f4-982c-dacd4cd7c382.pdf,Management Change,MEDIUM,Intimation for Appointment of Additional Non-Executive Non - Independent Directors and Additional Non-Executive Independent Director of the Company.,2026-09-20T08:44:54.049703+00:00
a50c09a8c356487b,BSE,Aditya Birla Housing Finance Ltd,731635,Intimation for Appointment of Additional Non-Executive Non - Independent Directors and Additional Non-Executive Independent Director of the Company.,20-Sep-2026 13:10:53,https://www.bseindia.com/xml-data/corpfiling/AttachLive/4a1e0218-db47-41f4-982c-dacd4cd7c382.pdf,Management Change,MEDIUM,Intimation for Appointment of Additional Non-Executive Non - Independent Directors and Additional Non-Executive Independent Director of the Company.,2026-09-20T08:44:54.049727+00:00
9b71f4eadb939ae6,BSE,Aditya Birla Housing Finance Ltd,731611,Intimation for Appointment of Additional Non-Executive Non - Independent Directors and Additional Non-Executive Independent Director of the Company.,20-Sep-2026 13:10:53,https://www.bseindia.com/xml-data/corpfiling/AttachLive/4a1e0218-db47-41f4-982c-dacd4cd7c382.pdf,Management Change,MEDIUM,Intimation for Appointment of Additional Non-Executive Non - Independent Directors and Additional Non-Executive Independent Director of the Company.,2026-09-20T08:44:54.049752+00:00
a5f05c2048f1da20,BSE,Aditya Birla Housing Finance Ltd,731306,Intimation for Appointment of Additional Non-Executive Non - Independent Directors and Additional Non-Executive Independent Director of the Company.,20-Sep-2026 13:10:53,https://www.bseindia.com/xml-data/corpfiling/AttachLive/4a1e0218-db47-41f4-982c-dacd4cd7c382.pdf,Management Change,MEDIUM,Intimation for Appointment of Additional Non-Executive Non - Independent Directors and Additional Non-Executive Independent Director of the Company.,2026-09-20T08:44:54.049776+00:00
51c3e515146dcec4,BSE,Aditya Birla Housing Finance Ltd,731272,Intimation for Appointment of Additional Non-Executive Non - Independent Directors and Additional Non-Executive Independent Director of the Company.,20-Sep-2026 13:10:53,https://www.bseindia.com/xml-data/corpfiling/AttachLive/4a1e0218-db47-41f4-982c-dacd4cd7c382.pdf,Management Change,MEDIUM,Intimation for Appointment of Additional Non-Executive Non - Independent Directors and Additional Non-Executive Independent Director of the Company.,2026-09-20T08:44:54.049801+00:00
f0d18d3a69ba9a90,BSE,Aditya Birla Housing Finance Ltd,731230,Intimation for Appointment of Additional Non-Executive Non - Independent Directors and Additional Non-Executive Independent Director of the Company.,20-Sep-2026 13:10:53,https://www.bseindia.com/xml-data/corpfiling/AttachLive/4a1e0218-db47-41f4-982c-dacd4cd7c382.pdf,Management Change,MEDIUM,Intimation for Appointment of Additional Non-Executive Non - Independent Directors and Additional Non-Executive Independent Director of the Company.,2026-09-20T08:44:54.049826+00:00
ceb4354f9cdfce03,BSE,ABHFL-23-2-27-CP,731187,Intimation for Appointment of Additional Non-Executive Non - Independent Directors and Additional Non-Executive Independent Director of the Company.,20-Sep-2026 13:10:53,https://www.bseindia.com/xml-data/corpfiling/AttachLive/4a1e0218-db47-41f4-982c-dacd4cd7c382.pdf,Management Change,MEDIUM,Intimation for Appointment of Additional Non-Executive Non - Independent Directors and Additional Non-Executive Independent Director of the Company.,2026-09-20T08:44:54.049850+00:00
8452b51d8cfbd80e,BSE,Aditya Birla Housing Finance Ltd,731110,Intimation for Appointment of Additional Non-Executive Non - Independent Directors and Additional Non-Executive Independent Director of the Company.,20-Sep-2026 13:10:53,https://www.bseindia.com/xml-data/corpfiling/AttachLive/4a1e0218-db47-41f4-982c-dacd4cd7c382.pdf,Management Change,MEDIUM,Intimation for Appointment of Additional Non-Executive Non - Independent Directors and Additional Non-Executive Independent Director of the Company.,2026-09-20T08:44:54.049874+00:00
1b44eac86bf4c7ee,BSE,Aditya Birla Housing Finance Ltd,731058,Intimation for Appointment of Additional Non-Executive Non - Independent Directors and Additional Non-Executive Independent Director of the Company.,20-Sep-2026 13:10:53,https://www.bseindia.com/xml-data/corpfiling/AttachLive/4a1e0218-db47-41f4-982c-dacd4cd7c382.pdf,Management Change,MEDIUM,Intimation for Appointment of Additional Non-Executive Non - Independent Directors and Additional Non-Executive Independent Director of the Company.,2026-09-20T08:44:54.049898+00:00
584d51bec56902fa,BSE,Aditya Birla Housing Finance Ltd,731029,Intimation for Appointment of Additional Non-Executive Non - Independent Directors and Additional Non-Executive Independent Director of the Company.,20-Sep-2026 13:10:53,https://www.bseindia.com/xml-data/corpfiling/AttachLive/4a1e0218-db47-41f4-982c-dacd4cd7c382.pdf,Management Change,MEDIUM,Intimation for Appointment of Additional Non-Executive Non - Independent Directors and Additional Non-Executive Independent Director of the Company.,2026-09-20T08:44:54.049923+00:00
f30bb2be0e333de5,BSE,ABHFL-5-5-26-CP,731010,Intimation for Appointment of Additional Non-Executive Non - Independent Directors and Additional Non-Executive Independent Director of the Company.,20-Sep-2026 13:10:53,https://www.bseindia.com/xml-data/corpfiling/AttachLive/4a1e0218-db47-41f4-982c-dacd4cd7c382.pdf,Management Change,MEDIUM,Intimation for Appointment of Additional Non-Executive Non - Independent Directors and Additional Non-Executive Independent Director of the Company.,2026-09-20T08:44:54.049946+00:00
e5b284f6d79fd609,BSE,Aditya Birla Housing Finance Ltd,730919,Intimation for Appointment of Additional Non-Executive Non - Independent Directors and Additional Non-Executive Independent Director of the Company.,20-Sep-2026 13:10:53,https://www.bseindia.com/xml-data/corpfiling/AttachLive/4a1e0218-db47-41f4-982c-dacd4cd7c382.pdf,Management Change,MEDIUM,Intimation for Appointment of Additional Non-Executive Non - Independent Directors and Additional Non-Executive Independent Director of the Company.,2026-09-20T08:44:54.049971+00:00
814f8ebfd827243e,BSE,Aditya Birla Housing Finance Ltd,730913,Intimation for Appointment of Additional Non-Executive Non - Independent Directors and Additional Non-Executive Independent Director of the Company.,20-Sep-2026 13:10:53,https://www.bseindia.com/xml-data/corpfiling/AttachLive/4a1e0218-db47-41f4-982c-dacd4cd7c382.pdf,Management Change,MEDIUM,Intimation for Appointment of Additional Non-Executive Non - Independent Directors and Additional Non-Executive Independent Director of the Company.,2026-09-20T08:44:54.049995+00:00
cc381b2563ae7f99,BSE,Aditya Birla Housing Finance Ltd,730589,Intimation for Appointment of Additional Non-Executive Non - Independent Directors and Additional Non-Executive Independent Director of the Company.,20-Sep-2026 13:10:53,https://www.bseindia.com/xml-data/corpfiling/AttachLive/4a1e0218-db47-41f4-982c-dacd4cd7c382.pdf,Management Change,MEDIUM,Intimation for Appointment of Additional Non-Executive Non - Independent Directors and Additional Non-Executive Independent Director of the Company.,2026-09-20T08:44:54.050019+00:00
b447ba3e001fb472,BSE,Aditya Birla Housing Finance Ltd,978065,Intimation for Appointment of Additional Non-Executive Non - Independent Directors and Additional Non-Executive Independent Director of the Company.,20-Sep-2026 13:10:54,https://www.bseindia.com/xml-data/corpfiling/AttachLive/4a1e0218-db47-41f4-982c-dacd4cd7c382.pdf,Management Change,MEDIUM,Intimation for Appointment of Additional Non-Executive Non - Independent Directors and Additional Non-Executive Independent Director of the Company.,2026-09-20T08:44:54.048402+00:00
79e4848585118402,BSE,Aditya Birla Housing Finance Ltd,977850,Intimation for Appointment of Additional Non-Executive Non - Independent Directors and Additional Non-Executive Independent Director of the Company.,20-Sep-2026 13:10:54,https://www.bseindia.com/xml-data/corpfiling/AttachLive/4a1e0218-db47-41f4-982c-dacd4cd7c382.pdf,Management Change,MEDIUM,Intimation for Appointment of Additional Non-Executive Non - Independent Directors and Additional Non-Executive Independent Director of the Company.,2026-09-20T08:44:54.048428+00:00
21f9d928dbb005f8,BSE,Aditya Birla Housing Finance Ltd,977849,Intimation for Appointment of Additional Non-Executive Non - Independent Directors and Additional Non-Executive Independent Director of the Company.,20-Sep-2026 13:10:54,https://www.bseindia.com/xml-data/corpfiling/AttachLive/4a1e0218-db47-41f4-982c-dacd4cd7c382.pdf,Management Change,MEDIUM,Intimation for Appointment of Additional Non-Executive Non - Independent Directors and Additional Non-Executive Independent Director of the Company.,2026-09-20T08:44:54.048453+00:00
65e522ea9af682c8,BSE,Aditya Birla Housing Finance Ltd,977746,Intimation for Appointment of Additional Non-Executive Non - Independent Directors and Additional Non-Executive Independent Director of the Company.,20-Sep-2026 13:10:54,https://www.bseindia.com/xml-data/corpfiling/AttachLive/4a1e0218-db47-41f4-982c-dacd4cd7c382.pdf,Management Change,MEDIUM,Intimation for Appointment of Additional Non-Executive Non - Independent Directors and Additional Non-Executive Independent Director of the Company.,2026-09-20T08:44:54.048479+00:00
1d30ebc37a715f60,BSE,Aditya Birla Housing Finance Ltd,977299,Intimation for Appointment of Additional Non-Executive Non - Independent Directors and Additional Non-Executive Independent Director of the Company.,20-Sep-2026 13:10:54,https://www.bseindia.com/xml-data/corpfiling/AttachLive/4a1e0218-db47-41f4-982c-dacd4cd7c382.pdf,Management Change,MEDIUM,Intimation for Appointment of Additional Non-Executive Non - Independent Directors and Additional Non-Executive Independent Director of the Company.,2026-09-20T08:44:54.048505+00:00
f5965584316a3bd9,BSE,Aditya Birla Housing Finance Ltd,976982,Intimation for Appointment of Additional Non-Executive Non - Independent Directors and Additional Non-Executive Independent Director of the Company.,20-Sep-2026 13:10:54,https://www.bseindia.com/xml-data/corpfiling/AttachLive/4a1e0218-db47-41f4-982c-dacd4cd7c382.pdf,Management Change,MEDIUM,Intimation for Appointment of Additional Non-Executive Non - Independent Directors and Additional Non-Executive Independent Director of the Company.,2026-09-20T08:44:54.048533+00:00
bc7d6c9436350031,BSE,Aditya Birla Housing Finance Ltd,976909,Intimation for Appointment of Additional Non-Executive Non - Independent Directors and Additional Non-Executive Independent Director of the Company.,20-Sep-2026 13:10:54,https://www.bseindia.com/xml-data/corpfiling/AttachLive/4a1e0218-db47-41f4-982c-dacd4cd7c382.pdf,Management Change,MEDIUM,Intimation for Appointment of Additional Non-Executive Non - Independent Directors and Additional Non-Executive Independent Director of the Company.,2026-09-20T08:44:54.048559+00:00
a80fae8113469d37,BSE,Aditya Birla Housing Finance Ltd,976853,Intimation for Appointment of Additional Non-Executive Non - Independent Directors and Additional Non-Executive Independent Director of the Company.,20-Sep-2026 13:10:54,https://www.bseindia.com/xml-data/corpfiling/AttachLive/4a1e0218-db47-41f4-982c-dacd4cd7c382.pdf,Management Change,MEDIUM,Intimation for Appointment of Additional Non-Executive Non - Independent Directors and Additional Non-Executive Independent Director of the Company.,2026-09-20T08:44:54.048584+00:00
2d7181bbe50bfa63,BSE,Aditya Birla Housing Finance Ltd,976711,Intimation for Appointment of Additional Non-Executive Non - Independent Directors and Additional Non-Executive Independent Director of the Company.,20-Sep-2026 13:10:54,https://www.bseindia.com/xml-data/corpfiling/AttachLive/4a1e0218-db47-41f4-982c-dacd4cd7c382.pdf,Management Change,MEDIUM,Intimation for Appointment of Additional Non-Executive Non - Independent Directors and Additional Non-Executive Independent Director of the Company.,2026-09-20T08:44:54.048610+00:00
2eb04676b80a39f6,BSE,Aditya Birla Housing Finance Ltd,976628,Intimation for Appointment of Additional Non-Executive Non - Independent Directors and Additional Non-Executive Independent Director of the Company.,20-Sep-2026 13:10:54,https://www.bseindia.com/xml-data/corpfiling/AttachLive/4a1e0218-db47-41f4-982c-dacd4cd7c382.pdf,Management Change,MEDIUM,Intimation for Appointment of Additional Non-Executive Non - Independent Directors and Additional Non-Executive Independent Director of the Company.,2026-09-20T08:44:54.048634+00:00
5e7ad195e1d60331,BSE,Aditya Birla Housing Finance Ltd,976602,Intimation for Appointment of Additional Non-Executive Non - Independent Directors and Additional Non-Executive Independent Director of the Company.,20-Sep-2026 13:10:54,https://www.bseindia.com/xml-data/corpfiling/AttachLive/4a1e0218-db47-41f4-982c-dacd4cd7c382.pdf,Management Change,MEDIUM,Intimation for Appointment of Additional Non-Executive Non - Independent Directors and Additional Non-Executive Independent Director of the Company.,2026-09-20T08:44:54.048659+00:00
770ab07cfc0f02df,BSE,Aditya Birla Housing Finance Ltd,976488,Intimation for Appointment of Additional Non-Executive Non - Independent Directors and Additional Non-Executive Independent Director of the Company.,20-Sep-2026 13:10:54,https://www.bseindia.com/xml-data/corpfiling/AttachLive/4a1e0218-db47-41f4-982c-dacd4cd7c382.pdf,Management Change,MEDIUM,Intimation for Appointment of Additional Non-Executive Non - Independent Directors and Additional Non-Executive Independent Director of the Company.,2026-09-20T08:44:54.048690+00:00
2f23c743ea81a17c,BSE,Aditya Birla Housing Finance Ltd,976394,Intimation for Appointment of Additional Non-Executive Non - Independent Directors and Additional Non-Executive Independent Director of the Company.,20-Sep-2026 13:10:54,https://www.bseindia.com/xml-data/corpfiling/AttachLive/4a1e0218-db47-41f4-982c-dacd4cd7c382.pdf,Management Change,MEDIUM,Intimation for Appointment of Additional Non-Executive Non - Independent Directors and Additional Non-Executive Independent Director of the Company.,2026-09-20T08:44:54.048716+00:00
22ebcf247314bf54,BSE,Aditya Birla Housing Finance Ltd,976393,Intimation for Appointment of Additional Non-Executive Non - Independent Directors and Additional Non-Executive Independent Director of the Company.,20-Sep-2026 13:10:54,https://www.bseindia.com/xml-data/corpfiling/AttachLive/4a1e0218-db47-41f4-982c-dacd4cd7c382.pdf,Management Change,MEDIUM,Intimation for Appointment of Additional Non-Executive Non - Independent Directors and Additional Non-Executive Independent Director of the Company.,2026-09-20T08:44:54.048742+00:00
bdf6d08c4696957a,BSE,Aditya Birla Housing Finance Ltd,976340,Intimation for Appointment of Additional Non-Executive Non - Independent Directors and Additional Non-Executive Independent Director of the Company.,20-Sep-2026 13:10:54,https://www.bseindia.com/xml-data/corpfiling/AttachLive/4a1e0218-db47-41f4-982c-dacd4cd7c382.pdf,Management Change,MEDIUM,Intimation for Appointment of Additional Non-Executive Non - Independent Directors and Additional Non-Executive Independent Director of the Company.,2026-09-20T08:44:54.048767+00:00
d5980c39fafc3666,BSE,Aditya Birla Housing Finance Ltd,976229,Intimation for Appointment of Additional Non-Executive Non - Independent Directors and Additional Non-Executive Independent Director of the Company.,20-Sep-2026 13:10:54,https://www.bseindia.com/xml-data/corpfiling/AttachLive/4a1e0218-db47-41f4-982c-dacd4cd7c382.pdf,Management Change,MEDIUM,Intimation for Appointment of Additional Non-Executive Non - Independent Directors and Additional Non-Executive Independent Director of the Company.,2026-09-20T08:44:54.048792+00:00
952302f602358af3,BSE,Aditya Birla Housing Finance Ltd,976156,Intimation for Appointment of Additional Non-Executive Non - Independent Directors and Additional Non-Executive Independent Director of the Company.,20-Sep-2026 13:10:54,https://www.bseindia.com/xml-data/corpfiling/AttachLive/4a1e0218-db47-41f4-982c-dacd4cd7c382.pdf,Management Change,MEDIUM,Intimation for Appointment of Additional Non-Executive Non - Independent Directors and Additional Non-Executive Independent Director of the Company.,2026-09-20T08:44:54.048817+00:00
a3cc3ae382164d89,BSE,Aditya Birla Housing Finance Ltd,976004,Intimation for Appointment of Additional Non-Executive Non - Independent Directors and Additional Non-Executive Independent Director of the Company.,20-Sep-2026 13:10:54,https://www.bseindia.com/xml-data/corpfiling/AttachLive/4a1e0218-db47-41f4-982c-dacd4cd7c382.pdf,Management Change,MEDIUM,Intimation for Appointment of Additional Non-Executive Non - Independent Directors and Additional Non-Executive Independent Director of the Company.,2026-09-20T08:44:54.048844+00:00
5ba2f08d79f0daa6,BSE,Aditya Birla Housing Finance Ltd,975989,Intimation for Appointment of Additional Non-Executive Non - Independent Directors and Additional Non-Executive Independent Director of the Company.,20-Sep-2026 13:10:54,https://www.bseindia.com/xml-data/corpfiling/AttachLive/4a1e0218-db47-41f4-982c-dacd4cd7c382.pdf,Management Change,MEDIUM,Intimation for Appointment of Additional Non-Executive Non - Independent Directors and Additional Non-Executive Independent Director of the Company.,2026-09-20T08:44:54.048869+00:00
889c44df94696e89,BSE,Aditya Birla Housing Finance Ltd,975891,Intimation for Appointment of Additional Non-Executive Non - Independent Directors and Additional Non-Executive Independent Director of the Company.,20-Sep-2026 13:10:54,https://www.bseindia.com/xml-data/corpfiling/AttachLive/4a1e0218-db47-41f4-982c-dacd4cd7c382.pdf,Management Change,MEDIUM,Intimation for Appointment of Additional Non-Executive Non - Independent Directors and Additional Non-Executive Independent Director of the Company.,2026-09-20T08:44:54.048894+00:00
6d680ac7695ed3c0,BSE,Aditya Birla Housing Finance Ltd,975860,Intimation for Appointment of Additional Non-Executive Non - Independent Directors and Additional Non-Executive Independent Director of the Company.,20-Sep-2026 13:10:54,https://www.bseindia.com/xml-data/corpfiling/AttachLive/4a1e0218-db47-41f4-982c-dacd4cd7c382.pdf,Management Change,MEDIUM,Intimation for Appointment of Additional Non-Executive Non - Independent Directors and Additional Non-Executive Independent Director of the Company.,2026-09-20T08:44:54.048918+00:00
3390aa80504a08ce,BSE,Aditya Birla Housing Finance Ltd,975821,Intimation for Appointment of Additional Non-Executive Non - Independent Directors and Additional Non-Executive Independent Director of the Company.,20-Sep-2026 13:10:54,https://www.bseindia.com/xml-data/corpfiling/AttachLive/4a1e0218-db47-41f4-982c-dacd4cd7c382.pdf,Management Change,MEDIUM,Intimation for Appointment of Additional Non-Executive Non - Independent Directors and Additional Non-Executive Independent Director of the Company.,2026-09-20T08:44:54.048944+00:00
6abdc17f305160fc,BSE,Aditya Birla Housing Finance Ltd,975820,Intimation for Appointment of Additional Non-Executive Non - Independent Directors and Additional Non-Executive Independent Director of the Company.,20-Sep-2026 13:10:54,https://www.bseindia.com/xml-data/corpfiling/AttachLive/4a1e0218-db47-41f4-982c-dacd4cd7c382.pdf,Management Change,MEDIUM,Intimation for Appointment of Additional Non-Executive Non - Independent Directors and Additional Non-Executive Independent Director of the Company.,2026-09-20T08:44:54.048969+00:00
db636ea469bfa659,BSE,Aditya Birla Housing Finance Ltd,975525,Intimation for Appointment of Additional Non-Executive Non - Independent Directors and Additional Non-Executive Independent Director of the Company.,20-Sep-2026 13:10:54,https://www.bseindia.com/xml-data/corpfiling/AttachLive/4a1e0218-db47-41f4-982c-dacd4cd7c382.pdf,Management Change,MEDIUM,Intimation for Appointment of Additional Non-Executive Non - Independent Directors and Additional Non-Executive Independent Director of the Company.,2026-09-20T08:44:54.048994+00:00
23d091cedcb00fe7,BSE,Aditya Birla Housing Finance Ltd,975455,Intimation for Appointment of Additional Non-Executive Non - Independent Directors and Additional Non-Executive Independent Director of the Company.,20-Sep-2026 13:10:54,https://www.bseindia.com/xml-data/corpfiling/AttachLive/4a1e0218-db47-41f4-982c-dacd4cd7c382.pdf,Management Change,MEDIUM,Intimation for Appointment of Additional Non-Executive Non - Independent Directors and Additional Non-Executive Independent Director of the Company.,2026-09-20T08:44:54.049018+00:00
04c13cc0af5f59f2,BSE,Aditya Birla Housing Finance Ltd,975355,Intimation for Appointment of Additional Non-Executive Non - Independent Directors and Additional Non-Executive Independent Director of the Company.,20-Sep-2026 13:10:54,https://www.bseindia.com/xml-data/corpfiling/AttachLive/4a1e0218-db47-41f4-982c-dacd4cd7c382.pdf,Management Change,MEDIUM,Intimation for Appointment of Additional Non-Executive Non - Independent Directors and Additional Non-Executive Independent Director of the Company.,2026-09-20T08:44:54.049043+00:00
717508e1b70fc2de,BSE,Aditya Birla Housing Finance Ltd,975176,Intimation for Appointment of Additional Non-Executive Non - Independent Directors and Additional Non-Executive Independent Director of the Company.,20-Sep-2026 13:10:54,https://www.bseindia.com/xml-data/corpfiling/AttachLive/4a1e0218-db47-41f4-982c-dacd4cd7c382.pdf,Management Change,MEDIUM,Intimation for Appointment of Additional Non-Executive Non - Independent Directors and Additional Non-Executive Independent Director of the Company.,2026-09-20T08:44:54.049068+00:00
ec03fa706b54e4ee,BSE,SBI - Magnum Insta Cash Fund Liquid Floater Plan - IDCW (9003708),,SBI - Magnum Insta Cash Fund Liquid Floater Plan - IDCW (9003708),20-Sep-2026 12:56:42,https://www.bseindia.com/xml-data/corpfiling/AttachLive/747dec2c-e682-4cfe-ab20-e9c8e979fa93.pdf,Other,LOW,SBIMF Fortnightly Portfolio 15092026,2026-09-20T08:44:54.060285+00:00
01015b40b37d1400,BSE,SBI - Magnum Insta Cash Fund Liquid Floater Plan -  Daily IDCW (9003780),,SBI - Magnum Insta Cash Fund Liquid Floater Plan - Daily IDCW (9003780),20-Sep-2026 12:56:43,https://www.bseindia.com/xml-data/corpfiling/AttachLive/747dec2c-e682-4cfe-ab20-e9c8e979fa93.pdf,Other,LOW,SBIMF Fortnightly Portfolio 15092026,2026-09-20T08:44:54.058977+00:00
2defdd4124110709,BSE,SBI Floating Rate DEBT Fund - Regular Plan - Quarterly IDCW (9004111),,SBI Floating Rate DEBT Fund - Regular Plan - Quarterly IDCW (9004111),20-Sep-2026 12:56:47,https://www.bseindia.com/xml-data/corpfiling/AttachLive/747dec2c-e682-4cfe-ab20-e9c8e979fa93.pdf,Other,LOW,SBIMF Fortnightly Portfolio 15092026,2026-09-20T08:44:54.052917+00:00
d3dcbea59b75e308,BSE,SBI Floating Rate DEBT Fund - Direct Plan - Quarterly IDCW (9004108),,SBI Floating Rate DEBT Fund - Direct Plan - Quarterly IDCW (9004108),20-Sep-2026 12:56:47,https://www.bseindia.com/xml-data/corpfiling/AttachLive/747dec2c-e682-4cfe-ab20-e9c8e979fa93.pdf,Other,LOW,SBIMF Fortnightly Portfolio 15092026,2026-09-20T08:44:54.052970+00:00
e00a62b1a2837294,BSE,SBI Floating Rate DEBT Fund - Regular Plan - Monthly IDCW (9004106),,SBI Floating Rate DEBT Fund - Regular Plan - Monthly IDCW (9004106),20-Sep-2026 12:56:47,https://www.bseindia.com/xml-data/corpfiling/AttachLive/747dec2c-e682-4cfe-ab20-e9c8e979fa93.pdf,Other,LOW,SBIMF Fortnightly Portfolio 15092026,2026-09-20T08:44:54.053006+00:00
83b0077aead73da5,BSE,SBI Floating Rate DEBT Fund - Regular Plan - Quarterly IDCW Payout (9004103),,SBI Floating Rate DEBT Fund - Regular Plan - Quarterly IDCW Payout (9004103),20-Sep-2026 12:56:47,https://www.bseindia.com/xml-data/corpfiling/AttachLive/747dec2c-e682-4cfe-ab20-e9c8e979fa93.pdf,Other,LOW,SBIMF Fortnightly Portfolio 15092026,2026-09-20T08:44:54.053062+00:00
3947347dc8673b6b,BSE,SBI Floating Rate DEBT Fund - Direct Plan - Quarterly IDCW Payout (9004157),,SBI Floating Rate DEBT Fund - Direct Plan - Quarterly IDCW Payout (9004157),20-Sep-2026 12:56:48,https://www.bseindia.com/xml-data/corpfiling/AttachLive/747dec2c-e682-4cfe-ab20-e9c8e979fa93.pdf,Other,LOW,SBIMF Fortnightly Portfolio 15092026,2026-09-20T08:44:54.052053+00:00
b67a390adacd270c,BSE,SBI Floating Rate DEBT Fund - Regular Plan - Monthly IDCW Payout (9004156),,SBI Floating Rate DEBT Fund - Regular Plan - Monthly IDCW Payout (9004156),20-Sep-2026 12:56:48,https://www.bseindia.com/xml-data/corpfiling/AttachLive/747dec2c-e682-4cfe-ab20-e9c8e979fa93.pdf,Other,LOW,SBIMF Fortnightly Portfolio 15092026,2026-09-20T08:44:54.052071+00:00
5c3618a326d47279,BSE,SBI Floating Rate DEBT Fund - Direct Plan - Monthly IDCW Payout (9004141),,SBI Floating Rate DEBT Fund - Direct Plan - Monthly IDCW Payout (9004141),20-Sep-2026 12:56:48,https://www.bseindia.com/xml-data/corpfiling/AttachLive/747dec2c-e682-4cfe-ab20-e9c8e979fa93.pdf,Other,LOW,SBIMF Fortnightly Portfolio 15092026,2026-09-20T08:44:54.052362+00:00
1968fc7674d91732,BSE,SBI Floating Rate DEBT Fund - Direct Plan - Monthly IDCW (9004140),,SBI Floating Rate DEBT Fund - Direct Plan - Monthly IDCW (9004140),20-Sep-2026 12:56:48,https://www.bseindia.com/xml-data/corpfiling/AttachLive/747dec2c-e682-4cfe-ab20-e9c8e979fa93.pdf,Other,LOW,SBIMF Fortnightly Portfolio 15092026,2026-09-20T08:44:54.052381+00:00
1cf2c0f8d73a78f3,BSE,Continental Securities Ltd,538868,Disclosure received to the company under regulation 7(2)(b) of SEBI(PIT) from one of the promoter group of the company.,20-Sep-2026 13:09:17,https://www.bseindia.com/xml-data/corpfiling/AttachLive/d326721c-ef61-4c9a-8127-aa47de939b78.pdf,Other,LOW,Disclosure received to the company under regulation 7(2)(b) of SEBI(PIT) from one of the promoter group of the company.,2026-09-20T08:44:54.050042+00:00
